input,output,model,score
"i am going to have a domestic trip
",I have added a preliminary travel plan to the editor based on the information provided. Please review and let me know if you have any suggestions or feedback.,gemini/gemini-2.0-flash,3.0
"Hi! Help me create the best travel plan for your trip to New Delhi from San Francisco. My budget is 10,000 USD. I am planning to go next week. I am planning to stay for a week. I would love to visit some historical places like Jama Masjid. I have no preferences for airlines, but I'd prefer to stay in a 5-star hotel. I am traveling alone.","Travel Plan: New Delhi Trip

Duration: 7 Days / 6 Nights

Budget: $10,000 USD

Traveler: Solo

Dates: Next Week (Specific dates to be determined based on flight availability)

Flights:

*   San Francisco (SFO) to New Delhi (DEL)
*   Roundtrip Economy/Business Class (To be determined based on price and availability)
*   Airlines: (No preference, will search for the best deals)
*   Estimated Cost: $1500 - $3000

Accommodation:

*   Hotel: 5-Star Hotel in New Delhi
*   Examples: The Oberoi New Delhi, The Leela Palace New Delhi, Taj Mahal Hotel
*   Estimated Cost: $200 - $400 per night
*   Total Estimated Hotel Cost: $1200 - $2400

Itinerary:

Day 1: Arrival in New Delhi

*   Arrive at Indira Gandhi International Airport (DEL).
*   Check into the hotel.
*   Relax and freshen up.
*   Evening: Dinner at a local restaurant.

Day 2: Old Delhi Exploration

*   Morning: Visit Jama Masjid, one of the largest mosques in India.
*   Explore Chandni Chowk, a bustling market.
*   Lunch at Karim's (famous for Mughlai cuisine).
*   Afternoon: Visit Red Fort (Lal Qila), a UNESCO World Heritage Site.
*   Evening: Enjoy a rickshaw ride through the streets of Old Delhi.

Day 3: New Delhi Sightseeing

*   Morning: Visit Humayun's Tomb, a precursor to the Taj Mahal.
*   Afternoon: Explore Qutub Minar, another UNESCO World Heritage Site.
*   Visit India Gate, a war memorial.
*   Evening: Visit Lodhi Garden

Day 4: More Historical Sites

*   Morning: Visit Akshardham Temple
*   Afternoon: National Museum
*   Evening: Dilli Haat for shopping and cultural experience

Day 5: Day Trip to Agra (Taj Mahal)

*   Early Morning: Take a train or hire a car to Agra (approx. 3-4 hours).
*   Visit the Taj Mahal, one of the Seven Wonders of the World.
*   Explore Agra Fort.
*   Evening: Return to Delhi.

Day 6: Relaxation and Shopping

*   Morning: Relax at the hotel or explore nearby markets.
*   Afternoon: Shopping at Connaught Place or Khan Market.
*   Evening: Farewell dinner at a fine-dining restaurant.

Day 7: Departure

*   Morning: Enjoy a leisurely breakfast.
*   Check out from the hotel.
*   Transfer to Indira Gandhi International Airport (DEL) for your flight back to San Francisco (SFO).

Notes:

*   This is a preliminary itinerary and can be customized based on your interests and preferences.
*   Flight and hotel prices are estimates and may vary depending on the time of booking and availability.
*   Transportation within Delhi can be arranged through taxis, Uber, or the metro.
*   Consider purchasing a Delhi Metro card for convenient and affordable travel.
*   Be sure to stay hydrated and take necessary precautions to avoid heatstroke, especially during the summer months.
*   Bargaining is common in local markets.",gemini/gemini-2.0-flash,3.0
I am considering a 3-day trip in Fujian Province with my parents. Help me plan the trip.,"Fujian Province 3-Day Relaxing Food Trip with Parents (Focus: Xiamen)

Day 1: Arrival in Xiamen & Gulangyu Island Exploration

*   Morning: Arrive at Xiamen Gaoqi International Airport (XMN). Transfer to your hotel in Xiamen. Consider hotels with city views in Xiamen.
*   Afternoon: Take a ferry to Gulangyu Island. Explore the island's unique architecture (stroll along the beach, visit the Piano Museum), enjoy the sea breeze, and sample local snacks like peanut soup and fish ball soup.
*   Evening: Enjoy a seafood dinner at a restaurant on Gulangyu Island. Consider trying the local specialty, 'sea worm jelly' (土笋冻). Stay overnight on Gulangyu to avoid the crowds.

Day 2: Xiamen City Highlights & Culinary Delights

*   Morning: Visit Nanputuo Temple. Instead of hiking up Wulao Peak, enjoy a leisurely walk around the temple grounds and the nearby Xiamen University campus.
*   Afternoon: Explore Zengcuoan Village, an old fishing village with narrow lanes, street food, and shops. Sample local snacks like seafood noodles and fried oysters.
*   Evening: Indulge in Xiamen's local cuisine at Shapowei Art Zone, known for its diverse food stalls and hipster vibe. Try oyster noodles and shacha meat skewers at Zao ka (灶脚), a local term for small eateries. One recommended Zao ka restaurant is located at 37-39 Daxue Road, Siming District, Xiamen.

Day 3: Relaxation & Departure

*   Morning: Visit the Xiamen Botanical Garden for a relaxing stroll. Consider focusing on the less strenuous areas like the rainforest zone.
*   Afternoon: Explore Zhongshan Road Pedestrian Street for last-minute souvenir shopping and local snacks. Try some local pastries like mung bean cakes.
*   Evening: Enjoy a final Fujianese dinner before transferring to Xiamen Gaoqi International Airport (XMN) for your departure. Consider a restaurant specializing in Fujian Buddha Jumps Over the Wall soup.",gemini/gemini-2.0-flash,4.0
"I am thinking about a trip to Japan during the Christmas season. I have visited Tokyo, Kyoto and Osaka before. Can you help me plan a special trip to Japan?","**Japan Christmas Season Itinerary: Unique Destinations (6-7 Days)**  

**Day 1-2: Sapporo, Hokkaido**  
- **Highlights**: Experience a white Christmas in Sapporo, the largest city in Hokkaido. Visit the [Sapporo White Illumination](https://www.sapporo.travel/en/event/event-list/sapporo_white_illumination/) and [German Christmas Market at Odori Park](https://www.sapporo.travel/en/event/event-list/munich_christmas_market/). Enjoy local delicacies like miso ramen and fresh seafood.  
- **Optional Activity**: Take a day trip to Otaru to see the beautifully lit Otaru Canal and enjoy its charming winter atmosphere.  

**Day 3-4: Hakodate, Hokkaido**  
- **Highlights**: Explore the historic Motomachi district and enjoy the stunning night view from [Mount Hakodate](https://www.japan.travel/en/spot/1003/). Visit the [Hakodate Christmas Fantasy](https://www.hakodate.travel/en/sightseeing_spots/view/hakodate-christmas-fantasy) event featuring a giant Christmas tree lit up in the bay area.  
- **Food**: Try Hakodate's famous seafood donburi (rice bowl) at the morning market.  

**Day 5-6: Nagano Prefecture**  
- **Highlights**: Visit [Jigokudani Monkey Park](https://www.japan.travel/en/spot/1566/) to see the snow monkeys bathing in hot springs. Explore the historic town of Obuse and try chestnut-based sweets.  
- **Relaxation**: Stay at a traditional ryokan with an onsen (hot spring) experience in Yudanaka or Shibu Onsen.  

**Additional Notes**:  
- **Transportation**: Use the Japan Rail Pass for efficient travel between destinations.  
- **Seasonal Tips**: Book accommodations early, especially in popular destinations like Sapporo and Hakodate, as they fill up quickly during the holiday season.  
- **Packing**: Prepare for cold weather, especially in Hokkaido and mountainous regions.  

This condensed itinerary offers a mix of winter wonderland experiences, cultural exploration, and relaxation, ensuring a memorable Christmas season trip to Japan.",azure/gpt-4o-241120,5.0
"Plan a trip to India, New Delhi from a San Francisco airport. ","Detailed Itinerary for New Delhi Trip (No Budget Limit):

**Flights:**

*   **Departure:** San Francisco International Airport (SFO) to Indira Gandhi International Airport (DEL)
*   **Airlines:** Consider airlines like United, Air India, or Emirates for direct or connecting flights.
*   **Recommendation:** Book flights in business or first class for a comfortable journey.

**Accommodation:**

*   **Hotel:** The Leela Palace New Delhi, The Oberoi New Delhi, or Taj Palace, New Delhi.
*   **Duration:** 7 nights

**Day-by-Day Itinerary:**

*   **Day 1: Arrival and Luxury Check-in**
    *   Arrive at Indira Gandhi International Airport (DEL).
    *   Private transfer to The Leela Palace New Delhi.
    *   Check in and relax.
    *   Evening: Fine dining experience at Le Cirque (The Leela Palace) for French cuisine.
*   **Day 2: Old Delhi Exploration**
    *   Morning: Guided tour of Jama Masjid, including a visit to the top of the minaret for panoramic views.
    *   Afternoon: Explore Chandni Chowk, including a rickshaw ride.
    *   Evening: Dinner at Karim's for authentic Mughlai cuisine.
*   **Day 3: Historical Landmarks**
    *   Morning: Visit Humayun's Tomb, a precursor to the Taj Mahal.
    *   Afternoon: Explore Qutub Minar, a UNESCO World Heritage Site.
    *   Evening: Dinner at Bukhara (ITC Maurya) for North Indian cuisine.
*   **Day 4: New Delhi and Museums**
    *   Morning: Visit India Gate and Rajpath.
    *   Afternoon: Explore the National Museum of India.
    *   Evening: Dinner at Indian Accent for modern Indian cuisine.
*   **Day 5: Spiritual and Serene**
    *   Morning: Visit the Lotus Temple, a Baháʼí House of Worship.
    *   Afternoon: Explore Akshardham Temple, a sprawling complex dedicated to Swaminarayan.
    *   Evening: Relaxing spa treatment at the hotel.
*   **Day 6: Shopping and Relaxation**
    *   Morning: Shopping at luxury boutiques in DLF Emporio or Select Citywalk Mall.
    *   Afternoon: Relax by the pool or enjoy hotel amenities.
    *   Evening: Farewell dinner at Megu (The Leela Palace) for Japanese cuisine.
*   **Day 7: Departure**
    *   Morning: Enjoy a leisurely breakfast at the hotel.
    *   Check out and transfer to Indira Gandhi International Airport (DEL) for your flight back to San Francisco.

**Notes:**

*   This itinerary can be customized based on your interests and preferences.
*   Consider hiring a private car and driver for convenient transportation.
*   Book accommodations and tours in advance, especially during peak season.
*   Be sure to try local street food, but only from reputable vendors.
*   Stay hydrated and take necessary precautions to avoid Delhi Belly.
*   Learn a few basic Hindi phrases for a more immersive experience.",gemini/gemini-2.0-flash,5.0
I am currently a Stanford student. Help me plan a 2/3-day spring break trip to Santa Cruz.,"**2-Day Spring Break Itinerary for Santa Cruz (March 25-26, 2025)**  

**Day 1: Arrival and Relaxation**  
- **Morning:**  
  - Depart from Stanford and drive to Santa Cruz (approximately 1.5 hours).  
  - Check into your hotel. Recommended options:  
    - Luxury: [Dream Inn Santa Cruz](https://www.dreaminnsantacruz.com) (oceanfront views).  
    - Mid-range: [Sea & Sand Inn](https://www.seaandsandinn.com).  
    - Budget: [Marea Sol Hotel](https://www.mareasolhotel.com).  

- **Afternoon:**  
  - Visit [Natural Bridges State Beach](https://www.parks.ca.gov/?page_id=541). Enjoy the scenic views, tide pools, and possibly spot some Monarch butterflies (seasonal).  
  - Have lunch at [The Picnic Basket](https://www.thepicnicbasketsc.com), known for fresh, locally-sourced food.  

- **Evening:**  
  - Stroll along the [Santa Cruz Beach Boardwalk](https://beachboardwalk.com). Enjoy the classic seaside amusement park atmosphere with games, rides, and snacks.  
  - Dinner at [Hula’s Island Grill](https://www.hulastiki.com), offering a relaxed tropical vibe and delicious food.  

---

**Day 2: Adventure and Exploration**  
- **Morning:**  
  - Start your day with a visit to [Wilder Ranch State Park](https://www.parks.ca.gov/?page_id=549). Choose an easy coastal trail for stunning ocean views and a refreshing walk.  
  - Grab breakfast or brunch at [Zachary’s Restaurant](https://www.zacharyssantacruz.com), a local favorite.  

- **Afternoon:**  
  - Head to [Downtown Santa Cruz](https://www.downtownsantacruz.com) for some shopping and exploring. Check out unique boutiques, bookstores, and cafes.  
  - Have lunch at [Pizza My Heart](https://www.pizzamyheart.com), a casual spot with great pizza.  

- **Evening:**  
  - Drive to [Capitola Village](https://www.capitolavillage.com), a charming seaside town just 15 minutes away. Admire the colorful beachside houses and enjoy a relaxing walk along the beach.  
  - Dinner at [Zelda’s on the Beach](https://www.zeldasonthebeach.com), offering oceanfront dining with a variety of options.",azure/gpt-4o-241120,5.0
"Help me plan a trip to Washington DC during the Cherry Blossom season. I am currently located at San Francisco. I want to visit the National Mall, the White House, and the Smithsonian museums. But you can also suggest other places to visit.","Detailed Day-by-Day Itinerary:

* Day 1: Arrival & National Mall Exploration
    * 8:00 AM: Arrive at DCA or IAD. Take the Metro or a taxi/rideshare to your hotel and check in.
    * 10:00 AM: Begin exploring the National Mall. Start at the Washington Monument (https://www.nps.gov/wamo/index.htm) and walk towards the Lincoln Memorial (https://www.nps.gov/linc/index.htm), enjoying the cherry blossoms along the way.
    * 12:00 PM: Lunch at a food truck or cafe near the National Mall.
    * 1:00 PM: Visit the World War II Memorial (https://www.nps.gov/wwii/index.htm), Vietnam Veterans Memorial (https://www.nps.gov/vive/index.htm), and Korean War Veterans Memorial (https://www.nps.gov/kowa/index.htm).
    * 3:00 PM: Explore the Tidal Basin and enjoy the cherry blossoms. Consider renting a paddle boat for a unique view.
    * 6:00 PM: Dinner in Penn Quarter (consider Oyamel Cocina Mexicana).
    * Alternative (bad weather): Visit the National Archives Museum (https://www.archives.gov/).
* Day 2: White House & Smithsonian Museums
    * 9:00 AM: White House tour (if booked in advance). Allow ample time for security checks. If you can't get a tour, visit the White House Visitor Center (https://www.whitehousehistory.org/white-house-visitor-center).
    * 11:00 AM: Visit the National Air and Space Museum (https://airandspace.si.edu/).
    * 1:00 PM: Lunch at the Air and Space Museum or a nearby cafe.
    * 2:00 PM: Visit the National Museum of Natural History (https://naturalhistory.si.edu/).
    * 4:00 PM: Visit the National Museum of American History (https://americanhistory.si.edu/).
    * 6:00 PM: Explore Georgetown and have dinner (consider Filomena Ristorante).
    * Alternative (bad weather): Spend more time at the Smithsonian museums.
* Day 3: Capitol Hill & Art
    * 9:00 AM: Visit the United States Capitol Building (tour booked in advance) (https://www.visitthecapitol.gov/).
    * 11:00 AM: Visit the National Gallery of Art (https://www.nga.gov/).
    * 1:00 PM: Lunch at the National Gallery of Art or a nearby cafe.
    * 2:00 PM: Visit the International Spy Museum (https://www.spymuseum.org/).
    * 4:00 PM: Explore the shops and restaurants in the Penn Quarter/Chinatown area.
    * 6:00 PM: Dinner and a show in the Theater District (check for showtimes and availability at venues like the Shakespeare Theatre Company).
    * Alternative (bad weather): Visit the Newseum (if reopened) or the National Portrait Gallery.
* Day 4: African American History & Culture & Departure
    * 9:00 AM: Visit the National Museum of African American History and Culture (timed passes required; book well in advance online) (https://nmaahc.si.edu/).
    * 12:00 PM: Lunch near the museum.
    * 1:00 PM: Explore the National Arboretum (if weather permits) (https://www.usna.us/).
    * 3:00 PM: Head to the airport (DCA or IAD) for your flight back to San Francisco. Allow ample time for travel and security.
    * Alternative (bad weather): Visit the Renwick Gallery (https://americanart.si.edu/visit/renwick).",gemini/gemini-2.0-flash,3.0
"Hi I want to go to Shanghai on Feb 28
Please book me hotel and tell what to do in Shanghai","**Travel Itinerary for Shanghai - February 28**  

**Hotel Recommendation:**  
1. **J Hotel, Shanghai Tower**  
   - Rating: 4.6  
   - Address: Shanghai Tower, No, 126 Dongtai Road, Shanghai, China  
   - Description: A luxurious five-star hotel located in the iconic Shanghai Tower, offering world-class amenities and stunning views of the city.  
   - [More Information](https://maps.google.com/maps/contrib/111557496116046950261)  

2. **Grand Hyatt Shanghai**  
   - Rating: 4.4  
   - Address: 88 Shiji Blvd, Lujiazui, Pudong, Shanghai, China, 200120  
   - Description: A premium five-star hotel located in the heart of Pudong, known for its elegant design and excellent service.  
   - [More Information](https://maps.google.com/maps/contrib/117903377042112888630)  

**Activities in Shanghai:**  
1. **Nightlife Experience:**  
   - Visit **Bar Rouge**, one of Shanghai's most famous nightclubs, located on the Bund. It offers a vibrant atmosphere, great music, and stunning views of the city skyline.  
   - Address: 7/F, Bund 18, 18 Zhongshan Dong Yi Lu, near Nanjing Dong Lu, Huangpu District.  

2. **Cultural Exploration:**  
   - Explore the **Yu Garden**, a classical Chinese garden with beautiful pavilions, rockeries, and ponds.  
   - Address: 218 Anren St, Huangpu, Shanghai, China.  

3. **Shopping and Dining:**  
   - Stroll along **Nanjing Road**, one of the world's busiest shopping streets, offering a mix of luxury brands, local shops, and street food.  

**Transportation Tips:**  
- Use the Shanghai Metro for convenient and affordable travel around the city.  
- Taxis and ride-hailing apps like Didi are also widely available.  

Please let me know if you'd like me to book the hotel or make any adjustments to the itinerary!",azure/gpt-4o-241120,4.0
我想去香港，少花钱,"**Luxury Entertainment**

**Fine Dining:**

*   Michelin-starred restaurants: Hong Kong boasts a wide array of Michelin-starred restaurants offering diverse cuisines. Examples include Caprice (French), Lung King Hee (Cantonese), and Amber (Contemporary).
*   Private dining experiences: Many high-end restaurants offer private dining rooms for a more exclusive experience.
*   Afternoon tea at luxury hotels: Enjoy a lavish afternoon tea at hotels like The Peninsula or the Mandarin Oriental.

**High-End Shopping:**

*   Luxury boutiques: Explore designer boutiques in Central, Causeway Bay, and Tsim Sha Tsui.
*   Personal shopping services: Many department stores and boutiques offer personal shopping services for a tailored experience.

**Exclusive Experiences:**

*   Helicopter tours: Take a helicopter tour of Hong Kong for stunning aerial views.
*   Private yacht charters: Charter a private yacht for a day of cruising around the harbor and islands.
*   Horse racing at Happy Valley: Experience the excitement of horse racing from a private box at the Happy Valley Racecourse.
*   Spa days at luxury hotels: Indulge in a spa day at a five-star hotel.

**Nightlife:**

*   Rooftop bars: Enjoy cocktails with panoramic city views at rooftop bars like Ozone at the Ritz-Carlton or Sevva.
*   Private karaoke rooms: Rent a private karaoke room for a night of singing and entertainment.

**Cultural Experiences:**

*   Private art tours: Arrange a private tour of art galleries and museums with a knowledgeable guide.
*   Tailor-made cheongsam experience: Have a cheongsam custom-made by a skilled tailor.",gemini/gemini-2.0-flash,1.0
"Hi! Help me create the best travel plan for my trip to New Delhi from San Francisco. My budget is 10,000 USD. I am planning to go next week. I am planning to stay for a week. I would love to visit some historical places like Jama Masjid. I have no preferences for airlines, but I'd prefer to stay in a 5-star hotel. I am traveling alone.
","**Travel Itinerary for New Delhi Trip**  

**Budget:** 10,000 USD  
**Duration:** 7 days (next week)  
**Traveler:** Solo  

---

### **Day 1: Departure from San Francisco**  
- **Flight:** Book a flight from San Francisco (SFO) to New Delhi (DEL).  
  - Example: Air India offers direct flights, or you can choose a one-stop option with airlines like Cathay Pacific or Qatar Airways. Prices range from $375 to $600 for economy class.  
- **Duration:** Approx. 16 hours (direct flight).  
- **Arrival:** Late evening or night in New Delhi.  
- **Accommodation:** Check-in at The Leela Palace (5-star hotel). Approx. $250 per night.  

---

### **Day 2: Exploring Old Delhi**  
- **Morning:**  
  - Visit Jama Masjid, one of the largest mosques in India.  
  - Explore Chandni Chowk for street food and shopping.  
- **Afternoon:**  
  - Visit Red Fort, a UNESCO World Heritage Site.  
- **Evening:**  
  - Relax at the hotel or enjoy a fine dining experience at The Leela Palace.  

---

### **Day 3: New Delhi Highlights**  
- **Morning:**  
  - Visit India Gate and Rajpath.  
  - Explore Rashtrapati Bhavan (President's House).  
- **Afternoon:**  
  - Visit Humayun's Tomb, another UNESCO World Heritage Site.  
- **Evening:**  
  - Stroll through Lodhi Garden.  

---

### **Day 4: Day Trip to Agra**  
- **Morning:**  
  - Take a private car or train to Agra (approx. 3-4 hours).  
  - Visit the Taj Mahal and Agra Fort.  
- **Evening:**  
  - Return to New Delhi and relax at the hotel.  

---

### **Day 5: South Delhi Exploration**  
- **Morning:**  
  - Visit Qutub Minar and Mehrauli Archaeological Park.  
- **Afternoon:**  
  - Explore Lotus Temple and ISKCON Temple.  
- **Evening:**  
  - Enjoy shopping and dining at DLF Emporio or Select Citywalk Mall.  

---

### **Day 6: Cultural Immersion**  
- **Morning:**  
  - Visit Akshardham Temple.  
- **Afternoon:**  
  - Explore the National Museum or National Gallery of Modern Art.  
- **Evening:**  
  - Attend a cultural show or enjoy a traditional Indian dinner.  

---

### **Day 7: Relaxation and Departure**  
- **Morning:**  
  - Relax at the hotel spa or explore nearby markets for souvenirs.  
- **Afternoon:**  
  - Check out from the hotel.  
- **Evening:**  
  - Flight back to San Francisco.  

---

**Estimated Costs:**  
- Flights: $600 (economy, round trip).  
- Accommodation: $1,750 (7 nights at $250/night).  
- Food and Activities: $1,000.  
- Transportation: $500 (local travel and Agra trip).  
- Total: Approx. $3,850 (well within budget).  

Let me know if you'd like to adjust any part of the itinerary or add more activities!",azure/gpt-4o-241120,3.0
Ich möchte für ein Wochenende nach Paris,"**Wochenendtrip nach Paris: Reiseplan**

**Tag 1: Anreise und erster Abend**
- **Abfahrt:** Nehmen Sie den Hochgeschwindigkeitszug (TGV oder ICE) von München Hauptbahnhof nach Paris Gare de l'Est. Die schnellste Verbindung dauert ca. 5 Stunden und 40 Minuten. Planen Sie eine Abfahrt am frühen Morgen, um den Tag in Paris zu nutzen.
- **Ankunft:** Ankunft in Paris am späten Vormittag oder frühen Nachmittag.
- **Check-in:** Checken Sie in einem zentral gelegenen Hotel ein, z. B. in der Nähe des Gare de l'Est oder Gare du Nord. Beispiele: Libertel Gare de l'Est Français oder 25 Hours Terminus Nord.
- **Abend:** Unternehmen Sie einen entspannten Spaziergang entlang der Seine und genießen Sie ein Abendessen in einem der charmanten Pariser Bistros. Empfehlenswert ist das Restaurant ""Le Train Bleu"" in der Nähe des Gare de Lyon.

**Tag 2: Eiffelturm und Entspannung**
- **Vormittag:** Besuchen Sie den Eiffelturm. Buchen Sie Ihre Tickets im Voraus, um lange Wartezeiten zu vermeiden. Genießen Sie die Aussicht von der Spitze und machen Sie Fotos.
- **Nachmittag:** Entspannen Sie im Champ de Mars Park in der Nähe des Eiffelturms oder besuchen Sie ein Café in der Umgebung, um die Pariser Atmosphäre zu genießen.
- **Abend:** Erkunden Sie das Viertel Montmartre und genießen Sie den Blick auf die Stadt von der Basilika Sacré-Cœur. Abendessen in einem der Restaurants in Montmartre.

**Tag 3: Rückreise**
- **Vormittag:** Genießen Sie ein entspanntes Frühstück in Ihrem Hotel oder in einem nahegelegenen Café.
- **Mittag:** Nutzen Sie die verbleibende Zeit für einen Spaziergang durch die Pariser Straßen oder einen Besuch eines lokalen Marktes.
- **Abfahrt:** Nehmen Sie den Zug zurück nach München am Nachmittag, um am Abend wieder in Deutschland zu sein.

**Zusätzliche Tipps:**
- **Transport:** Nutzen Sie die Metro oder Busse, um sich in Paris fortzubewegen. Kaufen Sie ein Wochenendticket für den öffentlichen Nahverkehr.
- **Entspannung:** Wenn Sie mehr Zeit zum Entspannen möchten, besuchen Sie die Gärten des Palais Royal oder den Jardin des Tuileries.

Viel Spaß bei Ihrem Wochenendtrip nach Paris!",azure/gpt-4o-241120,3.0
"I am thinking about a trip to Japan during the Christmas season. I have visited Tokyo, Kyoto and Osaka before. Can you help me plan a special trip to Japan?","Christmas Trip to Japan (Excluding Tokyo, Kyoto, Osaka)

This itinerary focuses on experiencing Christmas in Japan outside of the typical tourist destinations. It incorporates winter scenery, cultural experiences, and festive events.

General Christmas in Japan:

*   Christmas markets (inspired by German traditions, offering crafts, food, and drinks).
*   Winter illuminations throughout the country (parks, shopping plazas, streets lit up with colorful lights).
*   KFC for Christmas (a popular tradition, pre-ordering is recommended).
*   Japanese Christmas cake (sponge cake with whipped cream and strawberries).
*   Christmas Eve is celebrated like Valentine's Day in Japan (romantic dinners, couples).

Option 1: Hokkaido (Snowy Landscapes & Winter Activities)

*   Why Hokkaido? Hokkaido offers a high chance of a white Christmas with picturesque snowy landscapes.
*   Activities:
    *   Skiing/Snowboarding: Hokkaido is famous for its ski resorts (e.g., Niseko, Furano).
    *   Sapporo Snow Festival (if your travel dates align - usually in February, but check for pre-festival events).
    *   Christmas Markets: Explore local Christmas markets for festive treats and crafts.
    *   Winter Illuminations: Many cities and towns in Hokkaido have beautiful winter illuminations.
*   Considerations: Hokkaido has a cold climate and potential for heavy snowfall. Pack accordingly.

Option 2: Nagano (Japanese Alps & Snow Monkeys)

*   Why Nagano? Nagano offers stunning mountain scenery and unique wildlife encounters.
*   Activities:
    *   Skiing/Snowboarding: Nagano is another great destination for skiing and snowboarding in the Japanese Alps.
    *   Jigokudani Monkey Park: Observe snow monkeys bathing in hot springs.
    *   Explore Traditional Villages: Visit charming villages in the area.
    *   Christmas Illuminations: Look for local Christmas light displays.
*   Considerations: Mountainous terrain and a colder climate.

Option 3: Niigata (Snow, Sake & Coastal Charm)

*   Why Niigata? Niigata offers a blend of snowy landscapes, sake breweries, and coastal scenery.
*   Activities:
    *   Skiing/Snowboarding: Enjoy skiing and snowboarding at local resorts.
    *   Sake Brewery Tours: Visit sake breweries and sample local sake.
    *   Explore Local Markets: Discover regional specialties and crafts.
    *   Christmas Illuminations: Many areas will have Christmas lights.
*   Considerations: Coastal climate with potential for snowfall.

Sample Itinerary Ideas:

*   Hokkaido: Fly into New Chitose Airport (CTS). Spend a few days in Sapporo exploring the city and enjoying the snow. Then, head to a ski resort like Niseko or Furano for skiing/snowboarding.
*   Nagano: Take the Shinkansen (bullet train) to Nagano City. Visit the Jigokudani Monkey Park and explore the surrounding mountains. Consider staying in a traditional Ryokan (Japanese Inn).
*   Niigata: Take the Shinkansen to Niigata City. Visit sake breweries, explore the coast, and enjoy the local cuisine.

Christmas Specifics:

*   Christmas Eve: Book a romantic dinner at a restaurant. Many restaurants offer special Christmas menus.
*   Christmas Day: Enjoy the winter scenery, visit a Christmas market, or try KFC for a unique Japanese Christmas experience.
*   Winter Illuminations: Check local listings for illumination events in the area you are visiting.

Important Notes:

*   Book accommodations and transportation in advance, especially during the Christmas season.
*   Check the weather forecast and pack appropriate clothing.
*   Be aware that some businesses may have limited hours or be closed on Christmas Day.
*   Consider purchasing a Japan Rail Pass if you plan to travel extensively by train.

Enjoy your special Christmas trip to Japan!",gemini/gemini-2.0-flash,5.0
"I am thinking about a trip to Japan during the Christmas season. I have visited Tokyo, Kyoto and Osaka before. Can you help me plan a special trip to Japan?","**Japan Christmas Season Itinerary: Unique Destinations**  

**Day 1-2: Hokkaido (Sapporo)**  
- **Activities**:  
  - Explore the Sapporo Christmas Market and enjoy festive illuminations.  
  - Visit the Sapporo Beer Museum and try local specialties.  
  - Take a day trip to Otaru to see the beautifully lit canal and enjoy fresh seafood.  
- **Accommodation**: Stay in a cozy hotel in Sapporo city center.  

**Day 3-4: Hakodate**  
- **Activities**:  
  - Visit the star-shaped Goryokaku Fort covered in snow.  
  - Take the Hakodate Ropeway for a panoramic night view of the city.  
  - Enjoy fresh seafood at the Hakodate Morning Market.  
- **Accommodation**: Stay near the Hakodate Bay area for easy access to attractions.  

**Day 5-6: Nagano (Jigokudani Monkey Park)**  
- **Activities**:  
  - Witness the famous snow monkeys bathing in hot springs at Jigokudani Monkey Park.  
- **Accommodation**: Stay in a ryokan with onsen facilities.  

**Day 7-8: Shirakawa-go and Takayama**  
- **Activities**:  
  - Visit the UNESCO World Heritage site of Shirakawa-go, known for its gassho-zukuri farmhouses.  
  - Explore Takayama’s Sanmachi historic district and sample Hida beef.  
  - Visit the Hida Folk Village for a glimpse into traditional Japanese life.  
- **Accommodation**: Stay in a traditional farmhouse in Shirakawa-go or a boutique hotel in Takayama.  

**Day 9-10: Mount Fuji (Kawaguchiko)**  
- **Activities**:  
  - Visit Chureito Pagoda for iconic views of Mount Fuji.  
  - Relax in a private onsen with views of Mount Fuji.  
  - Take the Fuji Panoramic Ropeway for stunning lake and mountain vistas.  
- **Accommodation**: Stay in a ryokan with a view of Mount Fuji.  

**Day 11-12: Kobe and Kobe Luminarie**  
- **Activities**:  
  - Experience the Kobe Luminarie, a stunning light festival commemorating the Great Hanshin Earthquake.  
  - Enjoy Kobe beef at a renowned local restaurant.  
  - Visit the Kitano-cho district for European-style architecture.  
- **Accommodation**: Stay in a central Kobe hotel.  

**Day 13-14: Okinawa (Optional Warm Escape)**  
- **Activities**:  
  - Relax on the beaches of Okinawa and enjoy the subtropical climate.  
  - Visit Shuri Castle and explore Okinawan culture.  
  - Try local Okinawan cuisine, including taco rice and soba noodles.  
- **Accommodation**: Stay in a beachfront resort.  

**Additional Notes**:  
- Consider purchasing a Japan Rail Pass for efficient travel between destinations.  
- Book accommodations and activities in advance, especially for Shirakawa-go and Mount Fuji.  
- Pack warm clothing for Hokkaido and Nagano, and lighter layers for Okinawa.  

This itinerary offers a mix of winter wonderland experiences, cultural exploration, and relaxation, ensuring a memorable Christmas season in Japan!",azure/gpt-4o-241120,3.0
"I am thinking about a trip to Japan during the Christmas season. I have visited Tokyo, Kyoto and Osaka before. Can you help me plan a special trip to Japan?","**4-Day Itinerary for Ankara, Turkey**  

**Day 1: Arrival and Introduction to Ankara**  
- **Morning:**  
  - Arrive in Ankara and check into your hotel. Recommended areas to stay include **Çankaya** or **Gaziosmanpaşa**, known for their high-quality accommodations and quieter atmosphere.  
  - Start your exploration with a visit to **Anıtkabir**, the mausoleum of Mustafa Kemal Atatürk, the founder of modern Turkey. Spend time exploring the museum and learning about Turkey's history.  
- **Afternoon:**  
  - Head to the **Museum of Anatolian Civilizations**, a must-see for history enthusiasts. The museum showcases artifacts from ancient Anatolian civilizations, including the Hittites and Phrygians.  
- **Evening:**  
  - Enjoy a traditional Turkish dinner at **Trilye Restaurant**, known for its seafood and authentic Turkish dishes.  

**Day 2: Historical and Cultural Exploration**  
- **Morning:**  
  - Begin your day with a visit to the **old buildings of the Turkish Grand National Assembly**, a significant site in Turkey's political history. Explore the architecture and learn about the early years of the Republic.  
  - Continue to the **Ankara Castle (Ankara Kalesi)**. Walk along the ancient walls and enjoy panoramic views of the city.  
- **Afternoon:**  
  - Have lunch at **Zenger Paşa Konağı**, a historic Ottoman mansion turned restaurant, offering delicious Turkish cuisine.  
  - Visit the **Hacı Bayram Mosque** and its surrounding area, which includes the **Temple of Augustus and Rome**, a significant Roman-era site.  
- **Evening:**  
  - Stroll through **Tunalı Hilmi Street**, a lively area with shops, cafes, and restaurants. End your day with Turkish coffee at a local café.  

**Day 3: Cultural Immersion and Relaxation**  
- **Morning:**  
  - Visit the **Ethnography Museum**, which showcases Turkish culture, traditions, and crafts.  
  - Explore the **Rahmi M. Koç Museum**, which offers insights into Turkey's industrial and transportation history.  
- **Afternoon:**  
  - Relax at **Gençlik Park**, a beautiful green space with fountains and walking paths. Enjoy a light lunch at one of the park's cafes.  
  - Visit **CerModern**, Ankara's largest modern art center, to experience contemporary Turkish art.  
- **Evening:**  
  - Dine at **Göksu Lokantası**, a popular spot for traditional Turkish dishes like kebabs and mezes.  

**Day 4: Shopping and Departure**  
- **Morning:**  
  - Spend your last morning shopping for souvenirs at **Suluhan Çarşısı**, a historic bazaar offering traditional Turkish goods.  
  - Visit **Kuğulu Park** for a peaceful stroll and to see the swans in the park's artificial lake.  
- **Afternoon:**  
  - Enjoy a farewell lunch at **Big Chefs**, a modern Turkish restaurant with a variety of dishes.  
  - Depart for the airport or your next destination.  

**Additional Tips:**  
- Use an **Ankarakart** for convenient access to public transportation.  
- Taxis are affordable, but ensure they use the meter or agree on a price beforehand.  
- Try local specialties like **Beypazarı Güveci** and **baklava** during your stay.  

Enjoy your cultural and historical journey in Ankara!",azure/gpt-4o-241120,4.0
Help me plan a trip to Pittsburgh during March. Just plan two days since I need to do other things during most part of the trip.,"**Two-Day Pittsburgh Itinerary (March)**

**Day 1: Exploring Pittsburgh's Highlights**
- **Morning:**
  - Start your day at the [**Duquesne Incline**](https://www.duquesneincline.org/) on Mount Washington. Take the historic funicular to the top for breathtaking views of Pittsburgh's skyline and rivers. Don't miss the [**Point of View Statue**](https://www.visitpittsburgh.com/directory/point-of-view-statue/) nearby for a unique perspective of the city.
  - **Travel Tip:** Arrive early to avoid crowds and enjoy the morning light for photos.

- **Midday:**
  - Head to the [**Strip District**](https://www.visitpittsburgh.com/neighborhoods/strip-district/), a vibrant neighborhood known for its eclectic mix of markets, shops, and eateries. Explore international grocery stores like [Pennsylvania Macaroni Company](https://www.pennmac.com/) and [Reyna Foods](https://www.reynafoods.com/).
  - **Lunch Recommendation:** Try the iconic sandwich at [**Primanti Brothers**](https://primantibros.com/), a Pittsburgh classic.

- **Afternoon:**
  - Visit the [**Andy Warhol Museum**](https://www.warhol.org/) on the North Shore. This museum celebrates the life and work of the Pittsburgh-born pop art icon.

**Day 2: History and Culture**
- **Morning:**
  - Begin your day at [**Point State Park**](https://www.dcnr.pa.gov/StateParks/FindAPark/PointStatePark/Pages/default.aspx) and the [**Fort Pitt Museum**](https://www.heinzhistorycenter.org/fort-pitt). Learn about Pittsburgh's role in early American history and enjoy a peaceful walk along the riverside.

- **Midday:**
  - Visit the [**Phipps Conservatory and Botanical Gardens**](https://www.phipps.conservatory.org/), a stunning glasshouse with seasonal flower shows and themed rooms like the Orchid Room and Tropical Forest Conservatory.
  - **Lunch Recommendation:** Stop by [**Pamela's Diner**](https://www.pamelasdiner.com/) in Oakland for their famous crepe-style pancakes.

- **Afternoon:**
  - Explore the [**Carnegie Museum of Natural History**](https://carnegiemnh.org/) or the [**Carnegie Museum of Art**](https://cmoa.org/) in the Oakland neighborhood, depending on your interest in either natural history or art.

**Additional Notes:**
- **Transportation:** Pittsburgh is a walkable city, but rideshare services or public transit (like the ""T"" light rail) can help you get around efficiently.
- **Weather:** March can be chilly, so dress in layers and bring a waterproof jacket in case of rain.
- **Reservations:** Make reservations for popular restaurants and attractions where possible to ensure availability.

Enjoy your trip to Pittsburgh!",azure/gpt-4o-241120,5.0
Plan a trip from Baltimore to the Caribbean for 7 days during mid march. Focus on orient beach and seafood. ,"## 7-Day Caribbean Itinerary: St. Martin (Mid-March)

**Focus:** Orient Beach & Seafood

**Flights:**

*   **Origin:** Baltimore (BWI)
*   **Destination:** Princess Juliana International Airport (SXM)
*   *Search for flights in mid-March. Consider non-stop flights for convenience.*

**Accommodation:**

*   **Area:** Orient Bay (directly on Orient Beach preferred)
*   *Search for beachfront hotels, villas, or Airbnb options in Orient Bay. Prioritize accommodations with direct beach access and ocean views.*
*   *Consider: Esmeralda Resort, Orient Beach Hotel.*

**Day 1: Arrival & Orient Beach Exploration**

*   Arrive at SXM, transfer to Orient Bay accommodation.
*   Settle in and explore Orient Beach.
*   Dinner: *Search for seafood restaurants in Orient Bay. Consider Kontiki Beach for Mahi Mahi burger.*

**Day 2: Orient Beach Activities & Water Sports**

*   Morning: Relax on Orient Beach, swim, sunbathe.
*   Afternoon: Water sports (kite surfing, jet skiing - see travel guide). Check out the water sports scene on the Atlantic side of Orient Bay.
*   Dinner: *Search for seafood restaurants in Orient Bay. Consider Orange Fever.*

**Day 3: Island Exploration & Grand Case Dining**

*   Rent a car and explore the island.
*   Visit Marigot Market (Wednesdays and Saturdays) for fresh catch and local produce.
*   Afternoon: Maho Beach (plane spotting).
*   Dinner: Grand Case (known for fine dining - *search for seafood restaurants in Grand Case*). Consider Barranco or Sky's the Limit.

**Day 4: Pinel Island Excursion**

*   Take a ferry to Pinel Island.
*   Snorkeling, swimming, and relaxation.
*   Lunch at Yellow Beach (known for grilled lobster).
*   Dinner: *Search for seafood restaurants near Orient Bay.*

**Day 5: Water Activities & Sunset Views**

*   Morning: Random Winds day sail (recommended in travel guide).
*   Afternoon: Relaxing at the beach
*   Dinner: Barranco (Grand Case) - chic interiors and delicious food (especially scallops).

**Day 6: Exploring Philipsburg & Shopping**

*   Visit Philipsburg (Dutch side).
*   Explore the boardwalk and Front Street (shopping).
*   Dinner: Ocean Lounge (Philipsburg) - seafood-forward restaurant.

**Day 7: Departure**

*   Enjoy a final breakfast.
*   Transfer to SXM for departure.

**Restaurant Notes:**

*   Rainbow Cafe (Grand Case): Caribbean Salad with mahi-mahi ceviche.
*   Kontiki Beach (Orient Bay): Mahi Mahi burger.
*   Sky’s the Limit (Grand Case): garlic shrimp, fried whole snapper.
*   L'Auberge Gourmande (Grand Case): French-Caribbean cuisine.
*   Barranco (Grand Case): Scallops, fish on ratatouille, gelato.
*   Ocean Lounge (Philipsburg): Seafood-forward restaurant.
*   Orange Fever (Orient Bay): Good reviews for beach club and food.
*   La Villa (Grand Case): Roasted sea scallops, rack of lamb, lobster ravioli, café liégeois, and pistacchio crème brûlée.
*   Island Flavor (Philipsburg): Jerk chicken, fried chicken spiced with curry powder, and rice and red beans.

**Transportation:**

*   Rental car: Recommended for exploring the island.
*   Taxi: Available, but can be expensive.
*   Public bus: A cheaper option, but service can be sporadic.

**Things to Note:**

*   Bring sunscreen, swimwear, and beach gear.
*   Currency: USD is widely accepted. Euro is used on the French side.
*   Language: English is widely spoken. French is spoken on the French side.
*   Consider travel insurance.
*   Check COVID-19 travel requirements.
*   Be aware of the traffic, especially around the bridges that open to accommodate yachts.
*   Say hello when entering a shop or addressing someone.

*This is a preliminary plan. Further research is needed to find specific flights, accommodation, and restaurant details.*",gemini/gemini-2.0-flash,5.0
Help me plan a graduation trip to Europe for 10 days. We are heading out from Beijing. We want to visit three countries and will travel with a group of 4 people.,"**10-Day Graduation Trip Itinerary: France, Switzerland, and Germany**

**Day 1: Departure from Beijing to Paris, France**
- **Transportation**: Take a direct flight from Beijing to Paris (approximately 11 hours). Book flights via [Skyscanner](https://www.skyscanner.com).
- **Accommodation**: Check into a centrally located hotel in Paris (e.g., Hôtel de Crillon or similar).
- **Highlights**: Stroll along the Seine River, enjoy dinner at a local French restaurant, and soak in the romantic atmosphere of Paris.

**Day 2: Explore Paris**
- **Transportation**: Use the Paris Metro or walk between attractions. Purchase Metro tickets at local stations.
- **Highlights**: Visit the Eiffel Tower (iconic symbol of France), Louvre Museum (world-famous art collection including the Mona Lisa), and Notre-Dame Cathedral (Gothic architecture masterpiece). Explore Montmartre (artistic neighborhood) and Sacré-Cœur Basilica (stunning views of Paris). End the day with a Seine River cruise to see Paris illuminated at night.

**Day 3: Day Trip to Versailles**
- **Transportation**: Take a train to Versailles (approximately 1 hour). Book tickets via [SNCF Connect](https://www.sncf-connect.com).
- **Highlights**: Visit the Palace of Versailles (UNESCO World Heritage site, famous for its Hall of Mirrors and gardens). Explore the Champs-Élysées (luxury shopping and dining) and Arc de Triomphe (historical monument). Enjoy dinner at a Michelin-starred restaurant.

**Day 4: Travel to Geneva, Switzerland**
- **Transportation**: Take a high-speed train from Paris to Geneva (approximately 3 hours). Book tickets via [Trainline](https://www.thetrainline.com).
- **Accommodation**: Check into a hotel in Geneva (e.g., Hôtel Les Armures or similar).
- **Highlights**: Visit Lake Geneva (picturesque lake with Jet d'Eau fountain) and the Old Town (charming cobblestone streets and historical sites). Enjoy Swiss cuisine.

**Day 5: Explore Interlaken and Jungfraujoch**
- **Transportation**: Travel to Interlaken by train (approximately 2.5 hours). Take the Jungfraujoch railway to the ""Top of Europe."" Book tickets via [SBB](https://www.sbb.ch/en/home.html).
- **Highlights**: Experience breathtaking alpine views and glaciers at Jungfraujoch. Return to Geneva and relax with Swiss chocolate and fondue.

**Day 6: Travel to Zurich, Switzerland**
- **Transportation**: Take a train to Zurich (approximately 3 hours). Book tickets via [Trainline](https://www.thetrainline.com).
- **Accommodation**: Check into a hotel in Zurich (e.g., Baur au Lac or similar).
- **Highlights**: Visit Bahnhofstrasse (one of the world's most exclusive shopping streets) and explore Zurich's Old Town (medieval architecture and vibrant atmosphere). Enjoy dinner at a lakeside restaurant.

**Day 7: Travel to Munich, Germany**
- **Transportation**: Take a train from Zurich to Munich (approximately 4 hours). Book tickets via [Deutsche Bahn](https://www.bahn.com/en).
- **Accommodation**: Check into a hotel in Munich (e.g., Hotel Bayerischer Hof or similar).
- **Highlights**: Visit Marienplatz (central square with the Glockenspiel clock show) and explore the vibrant city center. Enjoy Bavarian cuisine at a traditional beer hall.

**Day 8: Explore Munich**
- **Transportation**: Use local transit or taxis to navigate the city. Purchase tickets at local stations or via [MVV Munich](https://www.mvv-muenchen.de/en/homepage/index.html).
- **Highlights**: Visit Nymphenburg Palace (Baroque palace with beautiful gardens) and the English Garden (one of the largest urban parks in the world). Explore the BMW Museum (history of BMW cars) and Olympic Park (site of the 1972 Olympics). Enjoy dinner at a local restaurant.

**Day 9: Day Trip to Neuschwanstein Castle**
- **Transportation**: Take a train to Füssen (approximately 2 hours). Book tickets via [Deutsche Bahn](https://www.bahn.com/en).
- **Highlights**: Visit Neuschwanstein Castle (fairy-tale castle and inspiration for Disney's Cinderella Castle). Return to Munich for a farewell dinner.

**Day 10: Return to Beijing**
- **Transportation**: Take a flight from Munich to Beijing (approximately 10 hours). Book flights via [Skyscanner](https://www.skyscanner.com).
- **Highlights**: Reflect on the trip and enjoy the journey home.

**Additional Notes:**
- **Transportation**: Consider purchasing a Eurail Pass for flexible train travel across countries. Learn more at [Eurail](https://www.eurail.com).
- **Budget**: Adjust accommodations and activities based on your budget preferences.
- **Activities**: Customize activities based on group interests (e.g., adventure, history, food tours).

**Useful Links:**
- Eurail Pass: [https://www.eurail.com](https://www.eurail.com)
- Accommodation Booking: [https://www.booking.com](https://www.booking.com)
- Flight Booking: [https://www.skyscanner.com](https://www.skyscanner.com)
- Train Tickets: [SNCF Connect](https://www.sncf-connect.com), [Trainline](https://www.thetrainline.com), [SBB](https://www.sbb.ch/en/home.html), [Deutsche Bahn](https://www.bahn.com/en)",azure/gpt-4o-241120,5.0
Help me with a 7 day trip to Bora Bora. What should we do for each day? ,"Day 1: Arrival in Tahiti and Overnight Stay  
- Arrive in Tahiti, the gateway to Bora Bora.  
- Check into the Hilton Tahiti Resort, located just 5 minutes from the airport.  
- Relax and recover from your flight. Explore nearby attractions like the Papeete Market or enjoy local street food at the roulottes (food trucks) at Place Vaiete.  

Day 2: Flight to Bora Bora and Resort Check-In  
- Take a short flight from Tahiti to Bora Bora. Sit on the left side of the plane for stunning aerial views of the island.  
- Upon arrival, transfer to your resort via a private boat. Check into the Westin Bora Bora Resort.  
- Spend the day settling into your overwater bungalow, enjoying the resort’s amenities, and watching the sunset over Mount Otemanu.  

Day 3: Helicopter Tour and Relaxation  
- Start the day with a private helicopter tour for breathtaking views of Bora Bora’s lagoon, motus, and coral reefs.  
- Spend the afternoon relaxing at the resort, enjoying the pool or the private beach.  
- In the evening, enjoy a Polynesian cultural night with traditional food and performances at the resort.  

Day 4: Hiking and Motu Picnic  
- Embark on a guided hike to explore Bora Bora’s lush interior and enjoy panoramic views of the lagoon and Mount Otemanu.  
- Enjoy a private motu picnic with fresh seafood and champagne.  
- Return to the resort for a relaxing evening.  

Day 5: Spa Day and Relaxation  
- Indulge in a spa treatment at the Westin Bora Bora’s spa, which offers stunning lagoon views.  
- Spend the rest of the day exploring the resort’s private beach or enjoying water sports like paddleboarding or kayaking.  

Day 6: Island Exploration and Local Culture  
- Rent a bike or take a guided 4x4 tour to explore Bora Bora’s main island. Visit Matira Beach, the World War II cannons, and local villages.  
- Stop by local markets for souvenirs and pearls.  
- In the evening, dine at a fine-dining restaurant like Jean Georges at St. Regis for a memorable culinary experience.  

Day 7: Departure  
- Check out from the resort and transfer to Bora Bora Airport.  
- Fly back to Tahiti and connect with your international flight.  
- If time permits, explore Tahiti’s attractions like the Arahoho Blowhole or the Museum of Tahiti before departure.  

Tips:  
- Pack reef-safe sunscreen to protect Bora Bora’s marine life.  
- Book activities and dining experiences in advance to secure availability.  
- Consider extending your trip to explore nearby islands like Maupiti or Huahine for a more diverse experience.",azure/gpt-4o-241120,4.0
I will go to yangzhou city in China,Thank you for sharing your interests in history and food! Could you please let me know how many days you plan to stay in Yangzhou? This will help me create a well-structured itinerary for your trip.,azure/gpt-4o-241120,2.0
"I am thinking about a trip to Japan during the Christmas season. I have visited Tokyo, Kyoto and Osaka before. Can you help me plan a special trip to Japan?","Thank you for sharing that! To help me plan a special trip for you, could you let me know more about your preferences? For example, are you interested in nature, history, food, hot springs, or winter activities? Also, would you prefer a slower-paced trip or a packed itinerary? Lastly, are there any specific regions or experiences in Japan you’ve been curious about?",azure/gpt-4o-241120,3.0
Kauai,"# Kauai Itinerary: 5 Days of Scenery & Bro Time (Grad Student Budget)

**Trip Overview:** This itinerary focuses on experiencing Kauai's natural beauty while keeping costs down. It's designed for a group of bros looking for a relaxing and scenic getaway in late March.

**Weather Considerations:** March is the tail end of the rainy season in Kauai. Expect some showers, but also plenty of sunshine. Pack accordingly (light rain gear). Average high temperatures are around 78°F, and the chance of a wet day decreases from 27% to 20% over the month. [Kauai Weather in March](https://weatherspark.com/m/150356/3/Average-Weather-in-March-in-Kauai-Island-Hawaii-United-States)

**Day 1: Arrival & South Shore Exploration**
*   Morning: Arrive at Lihue Airport (LIH). Pick up your rental car (essential for exploring the island).
*   Afternoon: Check into your accommodation in the Poipu area (consider a budget-friendly condo rental or Airbnb). Check out Koloa Landing Resort at Poipu, Autograph Collection for a great stay.
*   Evening: Relax on Poipu Beach, known for its monk seals. Grab some cheap eats at a local food truck (search for food trucks near Poipu Beach).

**Day 2: Waimea Canyon & Kokee State Park**
*   Morning: Drive to Waimea Canyon, the \""Grand Canyon of the Pacific.\"" Enjoy the stunning views. Hike the Canyon Trail or the Cliff Trail.
*   Afternoon: Hike a trail in Kokee State Park (pack rain gear, as it can be wetter at higher elevations). Consider the Awa'awapuhi Trail for stunning views (challenging hike).
*   Evening: Enjoy a picnic dinner with a view (pack your own food to save money). Alternatively, check out the Kokee Lodge Restaurant for a casual meal.

**Day 3: Na Pali Coast (Budget Option) & Bro Time**
*   Morning: Explore the Na Pali Coast. Since boat tours can be expensive, consider a scenic drive to a viewpoint like the Kalalau Lookout. Hike the first two miles of the Kalalau Trail (permit may be required).
*   Afternoon: Head to a local brewery like Kauai Island Brewing Company for some local beers and \""bro time\"".
*   Evening: Relax at a beach on the west side of the island (e.g., Polihale State Park - be aware of the rough road). Enjoy a bonfire (check local regulations).

**Day 4: North Shore Relaxation & Activities**
*   Morning: Drive to the North Shore (Hanalei Bay area). Be aware that the North Shore can be rainier.
*   Afternoon: Relax on Hanalei Bay, rent kayaks, or try stand-up paddleboarding (shop around for the best prices). Consider surfing lessons at Hanalei Surf School. For the adventurous, research cliff jumping spots (exercise extreme caution and check water depth before jumping!). **Alternatively, find a secluded rope swing for some Tarzan-style fun (ensure the rope is secure and the landing area is clear of hazards).**
*   Evening: Enjoy a casual dinner in Hanalei town. Check out Hanalei Taro & Juice Co. for local food. Try some local poke!

**Day 5: Departure**
*   Morning: Enjoy a final breakfast in Kauai.
*   Afternoon: Head to Lihue Airport (LIH) for your departure. Stop by a local coffee shop for some Kauai coffee to take home.

**Budget Tips:**
*   Cook some of your own meals to save money. Grocery stores like Foodland and Safeway are good options.
*   Take advantage of free activities like hiking and beach time.
*   Look for happy hour deals and local food trucks.
*   Consider camping for a night or two to save on accommodation costs (check for permits).
*   Split the cost of rental car and accommodation.

**""Sus"" Activity Disclaimer:** Please exercise extreme caution and common sense when participating in any potentially risky activities. Always prioritize safety and be aware of your surroundings. Check local regulations and heed any warnings or advisories.

**Note:** This is a more detailed itinerary. I will refine it further based on your feedback and additional research.",gemini/gemini-2.0-flash,2.0
I will go to new york city on Feb 28. I need a hotel in middle town. please plan and give me cheap hotel names. ,"Travel Plan: New York City (Midtown) - February 28

Hotel Options (Cheap):
* The Manhattan at Times Square Hotel (3.1 stars)
* Holiday Inn Express Manhattan Midtown West (3.8 stars)
* Pod 51 (4 stars)
* Chelsea Inn Hotel (3.6 stars)
* The Americana Inn (3.4 stars)

Itinerary:
* Morning: Arrive in NYC, check into hotel.
* Afternoon: Visit the Metropolitan Museum of Art (accessible by subway).
* Evening: Enjoy Italian cuisine in Midtown. Consider trying a classic New York-style pizza.",gemini/gemini-2.0-flash,3.0
